,,,Charge,,,,,,,,,,,,,,,,,,,,,,,,,,,,,,,,,,,,,,,,,,,,,,,,,,,,,,,,,,,,,,,,,,,,,,,,,,,,,,,,,,,,,,,,,,,,,,,,,,,
atnum,-2,-1,0,1,2,3,4,5,6,7,8,9,10,11,12,13,14,15,16,17,18,19,20,21,22,23,24,25,26,27,28,29,30,31,32,33,34,35,36,37,38,39,40,41,42,43,44,45,46,47,48,49,50,51,52,53,54,55,56,57,58,59,60,61,62,63,64,65,66,67,68,69,70,71,72,73,74,75,76,77,78,79,80,81,82,83,84,85,86,87,88,89,90,91,92,93,94,95,96,97,98,99
1,2,1,2,0,0,0,0,0,0,0,0,0,0,0,0,0,0,0,0,0,0,0,0,0,0,0,0,0,0,0,0,0,0,0,0,0,0,0,0,0,0,0,0,0,0,0,0,0,0,0,0,0,0,0,0,0,0,0,0,0,0,0,0,0,0,0,0,0,0,0,0,0,0,0,0,0,0,0,0,0,0,0,0,0,0,0,0,0,0,0,0,0,0,0,0,0,0,0,0,0,0,0
2,1,2,1,2,0,0,0,0,0,0,0,0,0,0,0,0,0,0,0,0,0,0,0,0,0,0,0,0,0,0,0,0,0,0,0,0,0,0,0,0,0,0,0,0,0,0,0,0,0,0,0,0,0,0,0,0,0,0,0,0,0,0,0,0,0,0,0,0,0,0,0,0,0,0,0,0,0,0,0,0,0,0,0,0,0,0,0,0,0,0,0,0,0,0,0,0,0,0,0,0,0,0
3,2,1,2,1,2,0,0,0,0,0,0,0,0,0,0,0,0,0,0,0,0,0,0,0,0,0,0,0,0,0,0,0,0,0,0,0,0,0,0,0,0,0,0,0,0,0,0,0,0,0,0,0,0,0,0,0,0,0,0,0,0,0,0,0,0,0,0,0,0,0,0,0,0,0,0,0,0,0,0,0,0,0,0,0,0,0,0,0,0,0,0,0,0,0,0,0,0,0,0,0,0,0
4,3,2,1,2,1,2,0,0,0,0,0,0,0,0,0,0,0,0,0,0,0,0,0,0,0,0,0,0,0,0,0,0,0,0,0,0,0,0,0,0,0,0,0,0,0,0,0,0,0,0,0,0,0,0,0,0,0,0,0,0,0,0,0,0,0,0,0,0,0,0,0,0,0,0,0,0,0,0,0,0,0,0,0,0,0,0,0,0,0,0,0,0,0,0,0,0,0,0,0,0,0,0
5,4,3,2,1,2,1,2,0,0,0,0,0,0,0,0,0,0,0,0,0,0,0,0,0,0,0,0,0,0,0,0,0,0,0,0,0,0,0,0,0,0,0,0,0,0,0,0,0,0,0,0,0,0,0,0,0,0,0,0,0,0,0,0,0,0,0,0,0,0,0,0,0,0,0,0,0,0,0,0,0,0,0,0,0,0,0,0,0,0,0,0,0,0,0,0,0,0,0,0,0,0,0
6,3,4,3,2,1,2,1,2,0,0,0,0,0,0,0,0,0,0,0,0,0,0,0,0,0,0,0,0,0,0,0,0,0,0,0,0,0,0,0,0,0,0,0,0,0,0,0,0,0,0,0,0,0,0,0,0,0,0,0,0,0,0,0,0,0,0,0,0,0,0,0,0,0,0,0,0,0,0,0,0,0,0,0,0,0,0,0,0,0,0,0,0,0,0,0,0,0,0,0,0,0,0
7,2,3,4,3,2,1,2,1,2,0,0,0,0,0,0,0,0,0,0,0,0,0,0,0,0,0,0,0,0,0,0,0,0,0,0,0,0,0,0,0,0,0,0,0,0,0,0,0,0,0,0,0,0,0,0,0,0,0,0,0,0,0,0,0,0,0,0,0,0,0,0,0,0,0,0,0,0,0,0,0,0,0,0,0,0,0,0,0,0,0,0,0,0,0,0,0,0,0,0,0,0,0
8,1,2,3,4,3,2,1,2,1,2,0,0,0,0,0,0,0,0,0,0,0,0,0,0,0,0,0,0,0,0,0,0,0,0,0,0,0,0,0,0,0,0,0,0,0,0,0,0,0,0,0,0,0,0,0,0,0,0,0,0,0,0,0,0,0,0,0,0,0,0,0,0,0,0,0,0,0,0,0,0,0,0,0,0,0,0,0,0,0,0,0,0,0,0,0,0,0,0,0,0,0,0
9,2,1,2,3,4,3,2,1,2,1,2,0,0,0,0,0,0,0,0,0,0,0,0,0,0,0,0,0,0,0,0,0,0,0,0,0,0,0,0,0,0,0,0,0,0,0,0,0,0,0,0,0,0,0,0,0,0,0,0,0,0,0,0,0,0,0,0,0,0,0,0,0,0,0,0,0,0,0,0,0,0,0,0,0,0,0,0,0,0,0,0,0,0,0,0,0,0,0,0,0,0,0
10,1,2,1,2,3,4,3,2,1,2,1,2,0,0,0,0,0,0,0,0,0,0,0,0,0,0,0,0,0,0,0,0,0,0,0,0,0,0,0,0,0,0,0,0,0,0,0,0,0,0,0,0,0,0,0,0,0,0,0,0,0,0,0,0,0,0,0,0,0,0,0,0,0,0,0,0,0,0,0,0,0,0,0,0,0,0,0,0,0,0,0,0,0,0,0,0,0,0,0,0,0,0
11,2,1,2,1,2,3,4,3,2,1,2,1,2,0,0,0,0,0,0,0,0,0,0,0,0,0,0,0,0,0,0,0,0,0,0,0,0,0,0,0,0,0,0,0,0,0,0,0,0,0,0,0,0,0,0,0,0,0,0,0,0,0,0,0,0,0,0,0,0,0,0,0,0,0,0,0,0,0,0,0,0,0,0,0,0,0,0,0,0,0,0,0,0,0,0,0,0,0,0,0,0,0
12,3,2,1,2,1,2,3,4,3,2,1,2,1,2,0,0,0,0,0,0,0,0,0,0,0,0,0,0,0,0,0,0,0,0,0,0,0,0,0,0,0,0,0,0,0,0,0,0,0,0,0,0,0,0,0,0,0,0,0,0,0,0,0,0,0,0,0,0,0,0,0,0,0,0,0,0,0,0,0,0,0,0,0,0,0,0,0,0,0,0,0,0,0,0,0,0,0,0,0,0,0,0
13,4,3,2,1,2,1,2,3,4,3,2,1,2,1,2,0,0,0,0,0,0,0,0,0,0,0,0,0,0,0,0,0,0,0,0,0,0,0,0,0,0,0,0,0,0,0,0,0,0,0,0,0,0,0,0,0,0,0,0,0,0,0,0,0,0,0,0,0,0,0,0,0,0,0,0,0,0,0,0,0,0,0,0,0,0,0,0,0,0,0,0,0,0,0,0,0,0,0,0,0,0,0
14,3,4,3,2,1,2,1,2,3,4,3,2,1,2,1,2,0,0,0,0,0,0,0,0,0,0,0,0,0,0,0,0,0,0,0,0,0,0,0,0,0,0,0,0,0,0,0,0,0,0,0,0,0,0,0,0,0,0,0,0,0,0,0,0,0,0,0,0,0,0,0,0,0,0,0,0,0,0,0,0,0,0,0,0,0,0,0,0,0,0,0,0,0,0,0,0,0,0,0,0,0,0
15,2,3,4,3,2,1,2,1,2,3,4,3,2,1,2,1,2,0,0,0,0,0,0,0,0,0,0,0,0,0,0,0,0,0,0,0,0,0,0,0,0,0,0,0,0,0,0,0,0,0,0,0,0,0,0,0,0,0,0,0,0,0,0,0,0,0,0,0,0,0,0,0,0,0,0,0,0,0,0,0,0,0,0,0,0,0,0,0,0,0,0,0,0,0,0,0,0,0,0,0,0,0
16,1,2,3,4,3,2,1,2,1,2,3,4,3,2,1,2,1,2,0,0,0,0,0,0,0,0,0,0,0,0,0,0,0,0,0,0,0,0,0,0,0,0,0,0,0,0,0,0,0,0,0,0,0,0,0,0,0,0,0,0,0,0,0,0,0,0,0,0,0,0,0,0,0,0,0,0,0,0,0,0,0,0,0,0,0,0,0,0,0,0,0,0,0,0,0,0,0,0,0,0,0,0
17,2,1,2,3,4,3,2,1,2,1,2,3,4,3,2,1,2,1,2,0,0,0,0,0,0,0,0,0,0,0,0,0,0,0,0,0,0,0,0,0,0,0,0,0,0,0,0,0,0,0,0,0,0,0,0,0,0,0,0,0,0,0,0,0,0,0,0,0,0,0,0,0,0,0,0,0,0,0,0,0,0,0,0,0,0,0,0,0,0,0,0,0,0,0,0,0,0,0,0,0,0,0
18,1,2,1,2,3,4,3,2,1,2,1,2,3,4,3,2,1,2,1,2,0,0,0,0,0,0,0,0,0,0,0,0,0,0,0,0,0,0,0,0,0,0,0,0,0,0,0,0,0,0,0,0,0,0,0,0,0,0,0,0,0,0,0,0,0,0,0,0,0,0,0,0,0,0,0,0,0,0,0,0,0,0,0,0,0,0,0,0,0,0,0,0,0,0,0,0,0,0,0,0,0,0
19,2,1,2,1,2,3,4,3,2,1,2,1,2,3,4,3,2,1,2,1,2,0,0,0,0,0,0,0,0,0,0,0,0,0,0,0,0,0,0,0,0,0,0,0,0,0,0,0,0,0,0,0,0,0,0,0,0,0,0,0,0,0,0,0,0,0,0,0,0,0,0,0,0,0,0,0,0,0,0,0,0,0,0,0,0,0,0,0,0,0,0,0,0,0,0,0,0,0,0,0,0,0
20,3,2,1,2,1,2,3,4,3,2,1,2,1,2,3,4,3,2,1,2,1,2,0,0,0,0,0,0,0,0,0,0,0,0,0,0,0,0,0,0,0,0,0,0,0,0,0,0,0,0,0,0,0,0,0,0,0,0,0,0,0,0,0,0,0,0,0,0,0,0,0,0,0,0,0,0,0,0,0,0,0,0,0,0,0,0,0,0,0,0,0,0,0,0,0,0,0,0,0,0,0,0
21,4,3,2,3,2,1,2,3,4,3,2,1,2,1,2,3,4,3,2,1,2,1,2,0,0,0,0,0,0,0,0,0,0,0,0,0,0,0,0,0,0,0,0,0,0,0,0,0,0,0,0,0,0,0,0,0,0,0,0,0,0,0,0,0,0,0,0,0,0,0,0,0,0,0,0,0,0,0,0,0,0,0,0,0,0,0,0,0,0,0,0,0,0,0,0,0,0,0,0,0,0,0
22,7,4,3,4,3,2,1,2,3,4,3,2,1,2,1,2,3,4,3,2,1,2,1,2,0,0,0,0,0,0,0,0,0,0,0,0,0,0,0,0,0,0,0,0,0,0,0,0,0,0,0,0,0,0,0,0,0,0,0,0,0,0,0,0,0,0,0,0,0,0,0,0,0,0,0,0,0,0,0,0,0,0,0,0,0,0,0,0,0,0,0,0,0,0,0,0,0,0,0,0,0,0
23,6,7,4,5,4,3,2,1,2,3,4,3,2,1,2,1,2,3,4,3,2,1,2,1,2,0,0,0,0,0,0,0,0,0,0,0,0,0,0,0,0,0,0,0,0,0,0,0,0,0,0,0,0,0,0,0,0,0,0,0,0,0,0,0,0,0,0,0,0,0,0,0,0,0,0,0,0,0,0,0,0,0,0,0,0,0,0,0,0,0,0,0,0,0,0,0,0,0,0,0,0,0
24,5,6,7,6,5,4,3,2,1,2,3,4,3,2,1,2,1,2,3,4,3,2,1,2,1,2,0,0,0,0,0,0,0,0,0,0,0,0,0,0,0,0,0,0,0,0,0,0,0,0,0,0,0,0,0,0,0,0,0,0,0,0,0,0,0,0,0,0,0,0,0,0,0,0,0,0,0,0,0,0,0,0,0,0,0,0,0,0,0,0,0,0,0,0,0,0,0,0,0,0,0,0
25,4,5,6,7,6,5,4,3,2,1,2,3,4,3,2,1,2,1,2,3,4,3,2,1,2,1,2,0,0,0,0,0,0,0,0,0,0,0,0,0,0,0,0,0,0,0,0,0,0,0,0,0,0,0,0,0,0,0,0,0,0,0,0,0,0,0,0,0,0,0,0,0,0,0,0,0,0,0,0,0,0,0,0,0,0,0,0,0,0,0,0,0,0,0,0,0,0,0,0,0,0,0
26,3,4,5,6,5,6,5,4,3,2,1,2,3,4,3,2,1,2,1,2,3,4,3,2,1,2,1,2,0,0,0,0,0,0,0,0,0,0,0,0,0,0,0,0,0,0,0,0,0,0,0,0,0,0,0,0,0,0,0,0,0,0,0,0,0,0,0,0,0,0,0,0,0,0,0,0,0,0,0,0,0,0,0,0,0,0,0,0,0,0,0,0,0,0,0,0,0,0,0,0,0,0
27,2,3,4,3,4,5,6,5,4,3,2,1,2,3,4,3,2,1,2,1,2,3,4,3,2,1,2,1,2,0,0,0,0,0,0,0,0,0,0,0,0,0,0,0,0,0,0,0,0,0,0,0,0,0,0,0,0,0,0,0,0,0,0,0,0,0,0,0,0,0,0,0,0,0,0,0,0,0,0,0,0,0,0,0,0,0,0,0,0,0,0,0,0,0,0,0,0,0,0,0,0,0
28,1,2,3,2,3,4,5,6,5,4,3,2,1,2,3,4,3,2,1,2,1,2,3,4,3,2,1,2,1,2,0,0,0,0,0,0,0,0,0,0,0,0,0,0,0,0,0,0,0,0,0,0,0,0,0,0,0,0,0,0,0,0,0,0,0,0,0,0,0,0,0,0,0,0,0,0,0,0,0,0,0,0,0,0,0,0,0,0,0,0,0,0,0,0,0,0,0,0,0,0,0,0
29,2,1,2,1,2,3,4,5,6,5,4,3,2,1,2,3,4,3,2,1,2,1,2,3,4,3,2,1,2,1,2,0,0,0,0,0,0,0,0,0,0,0,0,0,0,0,0,0,0,0,0,0,0,0,0,0,0,0,0,0,0,0,0,0,0,0,0,0,0,0,0,0,0,0,0,0,0,0,0,0,0,0,0,0,0,0,0,0,0,0,0,0,0,0,0,0,0,0,0,0,0,0
30,3,2,1,2,1,2,3,4,5,6,5,4,3,2,1,2,3,4,3,2,1,2,1,2,3,4,3,2,1,2,1,2,0,0,0,0,0,0,0,0,0,0,0,0,0,0,0,0,0,0,0,0,0,0,0,0,0,0,0,0,0,0,0,0,0,0,0,0,0,0,0,0,0,0,0,0,0,0,0,0,0,0,0,0,0,0,0,0,0,0,0,0,0,0,0,0,0,0,0,0,0,0
31,4,3,2,1,2,1,2,3,4,5,6,5,4,3,2,1,2,3,4,3,2,1,2,1,2,3,4,3,2,1,2,1,2,0,0,0,0,0,0,0,0,0,0,0,0,0,0,0,0,0,0,0,0,0,0,0,0,0,0,0,0,0,0,0,0,0,0,0,0,0,0,0,0,0,0,0,0,0,0,0,0,0,0,0,0,0,0,0,0,0,0,0,0,0,0,0,0,0,0,0,0,0
32,3,4,3,2,1,2,1,2,3,4,5,6,5,4,3,2,1,2,3,4,3,2,1,2,1,2,3,4,3,2,1,2,1,2,0,0,0,0,0,0,0,0,0,0,0,0,0,0,0,0,0,0,0,0,0,0,0,0,0,0,0,0,0,0,0,0,0,0,0,0,0,0,0,0,0,0,0,0,0,0,0,0,0,0,0,0,0,0,0,0,0,0,0,0,0,0,0,0,0,0,0,0
33,2,3,4,3,2,1,2,1,2,3,4,5,6,5,4,3,2,1,2,3,4,3,2,1,2,1,2,3,4,3,2,1,2,1,2,0,0,0,0,0,0,0,0,0,0,0,0,0,0,0,0,0,0,0,0,0,0,0,0,0,0,0,0,0,0,0,0,0,0,0,0,0,0,0,0,0,0,0,0,0,0,0,0,0,0,0,0,0,0,0,0,0,0,0,0,0,0,0,0,0,0,0
34,1,2,3,4,3,2,1,2,1,2,3,4,5,6,5,4,3,2,1,2,3,4,3,2,1,2,1,2,3,4,3,2,1,2,1,2,0,0,0,0,0,0,0,0,0,0,0,0,0,0,0,0,0,0,0,0,0,0,0,0,0,0,0,0,0,0,0,0,0,0,0,0,0,0,0,0,0,0,0,0,0,0,0,0,0,0,0,0,0,0,0,0,0,0,0,0,0,0,0,0,0,0
35,2,1,2,3,4,3,2,1,2,1,2,3,4,5,6,5,4,3,2,1,2,3,4,3,2,1,2,1,2,3,4,3,2,1,2,1,2,0,0,0,0,0,0,0,0,0,0,0,0,0,0,0,0,0,0,0,0,0,0,0,0,0,0,0,0,0,0,0,0,0,0,0,0,0,0,0,0,0,0,0,0,0,0,0,0,0,0,0,0,0,0,0,0,0,0,0,0,0,0,0,0,0
36,1,2,1,2,3,4,3,2,1,2,1,2,3,4,5,6,5,4,3,2,1,2,3,4,3,2,1,2,1,2,3,4,3,2,1,2,1,2,0,0,0,0,0,0,0,0,0,0,0,0,0,0,0,0,0,0,0,0,0,0,0,0,0,0,0,0,0,0,0,0,0,0,0,0,0,0,0,0,0,0,0,0,0,0,0,0,0,0,0,0,0,0,0,0,0,0,0,0,0,0,0,0
37,2,1,2,1,2,3,4,3,2,1,2,1,2,3,4,5,6,5,4,3,2,1,2,3,4,3,2,1,2,1,2,3,4,3,2,1,2,1,2,0,0,0,0,0,0,0,0,0,0,0,0,0,0,0,0,0,0,0,0,0,0,0,0,0,0,0,0,0,0,0,0,0,0,0,0,0,0,0,0,0,0,0,0,0,0,0,0,0,0,0,0,0,0,0,0,0,0,0,0,0,0,0
38,3,2,1,2,1,2,3,4,3,2,1,2,1,2,3,4,5,6,5,4,3,2,1,2,3,4,3,2,1,2,1,2,3,4,3,2,1,2,1,2,0,0,0,0,0,0,0,0,0,0,0,0,0,0,0,0,0,0,0,0,0,0,0,0,0,0,0,0,0,0,0,0,0,0,0,0,0,0,0,0,0,0,0,0,0,0,0,0,0,0,0,0,0,0,0,0,0,0,0,0,0,0
39,6,3,2,1,2,1,2,3,4,3,2,1,2,1,2,3,4,5,6,5,4,3,2,1,2,3,4,3,2,1,2,1,2,3,0,3,2,1,2,1,2,0,0,0,0,0,0,0,0,0,0,0,0,0,0,0,0,0,0,0,0,0,0,0,0,0,0,0,0,0,0,0,0,0,0,0,0,0,0,0,0,0,0,0,0,0,0,0,0,0,0,0,0,0,0,0,0,0,0,0,0,0
40,7,6,3,4,3,2,1,2,3,4,3,2,1,2,1,2,3,4,5,6,5,4,3,2,1,2,3,4,3,2,1,2,1,2,3,0,3,2,1,2,1,2,0,0,0,0,0,0,0,0,0,0,0,0,0,0,0,0,0,0,0,0,0,0,0,0,0,0,0,0,0,0,0,0,0,0,0,0,0,0,0,0,0,0,0,0,0,0,0,0,0,0,0,0,0,0,0,0,0,0,0,0
41,6,7,6,5,4,3,2,1,2,3,4,3,2,1,2,1,2,3,4,5,6,5,4,3,2,1,2,3,4,3,2,1,2,1,2,3,0,3,2,1,2,1,2,0,0,0,0,0,0,0,0,0,0,0,0,0,0,0,0,0,0,0,0,0,0,0,0,0,0,0,0,0,0,0,0,0,0,0,0,0,0,0,0,0,0,0,0,0,0,0,0,0,0,0,0,0,0,0,0,0,0,0
42,5,6,7,6,5,4,3,2,1,2,3,4,3,2,1,2,1,2,3,4,5,6,5,4,3,2,1,2,3,4,3,2,1,2,1,2,3,0,3,2,1,2,1,2,0,0,0,0,0,0,0,0,0,0,0,0,0,0,0,0,0,0,0,0,0,0,0,0,0,0,0,0,0,0,0,0,0,0,0,0,0,0,0,0,0,0,0,0,0,0,0,0,0,0,0,0,0,0,0,0,0,0
43,4,5,6,7,6,5,4,3,2,1,2,3,4,3,2,1,2,1,2,3,4,5,6,5,4,3,2,1,2,3,4,3,2,1,2,1,2,3,0,3,2,1,2,1,2,0,0,0,0,0,0,0,0,0,0,0,0,0,0,0,0,0,0,0,0,0,0,0,0,0,0,0,0,0,0,0,0,0,0,0,0,0,0,0,0,0,0,0,0,0,0,0,0,0,0,0,0,0,0,0,0,0
44,1,4,5,4,5,6,5,4,3,2,1,2,3,4,3,2,1,2,1,2,3,4,5,6,5,4,3,2,1,2,3,4,3,2,1,2,1,2,3,0,3,2,1,2,1,2,0,0,0,0,0,0,0,0,0,0,0,0,0,0,0,0,0,0,0,0,0,0,0,0,0,0,0,0,0,0,0,0,0,0,0,0,0,0,0,0,0,0,0,0,0,0,0,0,0,0,0,0,0,0,0,0
45,2,1,4,3,4,5,6,5,4,3,2,1,2,3,4,3,2,1,2,1,2,3,4,5,6,5,4,3,2,1,2,3,4,3,2,1,2,1,2,3,0,3,2,1,2,1,2,0,0,0,0,0,0,0,0,0,0,0,0,0,0,0,0,0,0,0,0,0,0,0,0,0,0,0,0,0,0,0,0,0,0,0,0,0,0,0,0,0,0,0,0,0,0,0,0,0,0,0,0,0,0,0
46,1,2,1,2,3,4,5,6,5,4,3,2,1,2,3,4,3,2,1,2,1,2,3,4,5,6,5,4,3,2,1,2,3,4,3,2,1,2,1,2,3,0,3,2,1,2,1,2,0,0,0,0,0,0,0,0,0,0,0,0,0,0,0,0,0,0,0,0,0,0,0,0,0,0,0,0,0,0,0,0,0,0,0,0,0,0,0,0,0,0,0,0,0,0,0,0,0,0,0,0,0,0
47,2,1,2,1,2,3,4,5,6,5,4,3,2,1,2,3,4,3,2,1,2,1,2,3,4,5,6,5,4,3,2,1,2,3,4,3,2,1,2,1,2,3,0,3,2,1,2,1,2,0,0,0,0,0,0,0,0,0,0,0,0,0,0,0,0,0,0,0,0,0,0,0,0,0,0,0,0,0,0,0,0,0,0,0,0,0,0,0,0,0,0,0,0,0,0,0,0,0,0,0,0,0
48,3,2,1,2,1,2,3,4,5,6,5,4,3,2,1,2,3,4,3,2,1,2,1,2,3,4,5,6,5,4,3,2,1,2,3,4,3,2,1,2,1,2,3,0,3,2,1,2,1,2,0,0,0,0,0,0,0,0,0,0,0,0,0,0,0,0,0,0,0,0,0,0,0,0,0,0,0,0,0,0,0,0,0,0,0,0,0,0,0,0,0,0,0,0,0,0,0,0,0,0,0,0
49,4,3,2,1,2,1,2,3,4,5,6,5,4,3,2,1,2,3,4,3,2,1,2,1,2,3,4,5,6,5,4,3,2,1,2,3,4,3,2,1,2,1,2,3,0,3,2,1,2,1,2,0,0,0,0,0,0,0,0,0,0,0,0,0,0,0,0,0,0,0,0,0,0,0,0,0,0,0,0,0,0,0,0,0,0,0,0,0,0,0,0,0,0,0,0,0,0,0,0,0,0,0
50,3,4,3,2,1,2,1,2,3,4,5,6,5,4,3,2,1,2,3,4,3,2,1,2,1,2,3,4,5,6,5,4,3,2,1,2,3,4,3,2,1,2,1,2,3,0,3,2,1,2,1,2,0,0,0,0,0,0,0,0,0,0,0,0,0,0,0,0,0,0,0,0,0,0,0,0,0,0,0,0,0,0,0,0,0,0,0,0,0,0,0,0,0,0,0,0,0,0,0,0,0,0
51,2,3,4,3,2,1,2,1,2,3,4,5,6,5,4,3,2,1,2,3,4,3,2,1,2,1,2,3,4,5,6,5,4,3,2,1,2,3,4,3,2,1,2,1,2,3,0,3,2,1,2,1,2,0,0,0,0,0,0,0,0,0,0,0,0,0,0,0,0,0,0,0,0,0,0,0,0,0,0,0,0,0,0,0,0,0,0,0,0,0,0,0,0,0,0,0,0,0,0,0,0,0
52,1,2,3,4,3,2,1,2,1,2,3,4,5,6,5,4,3,2,1,2,3,4,3,2,1,2,1,2,3,4,5,6,5,4,3,2,1,2,3,4,3,2,1,2,1,2,3,0,3,2,1,2,1,2,0,0,0,0,0,0,0,0,0,0,0,0,0,0,0,0,0,0,0,0,0,0,0,0,0,0,0,0,0,0,0,0,0,0,0,0,0,0,0,0,0,0,0,0,0,0,0,0
53,2,1,2,3,4,3,2,1,2,1,2,3,4,5,6,5,4,3,2,1,2,3,4,3,2,1,2,1,2,3,4,5,6,5,4,3,2,1,2,3,4,3,2,1,2,1,2,3,0,3,2,1,2,1,2,0,0,0,0,0,0,0,0,0,0,0,0,0,0,0,0,0,0,0,0,0,0,0,0,0,0,0,0,0,0,0,0,0,0,0,0,0,0,0,0,0,0,0,0,0,0,0
54,1,2,1,2,3,4,3,2,1,2,1,2,3,4,5,6,5,4,3,2,1,2,3,4,3,2,1,2,1,2,0,4,5,6,5,4,3,2,1,2,3,4,3,2,1,2,1,2,3,0,3,2,1,2,1,2,0,0,0,0,0,0,0,0,0,0,0,0,0,0,0,0,0,0,0,0,0,0,0,0,0,0,0,0,0,0,0,0,0,0,0,0,0,0,0,0,0,0,0,0,0,0
55,2,1,2,1,2,3,4,3,2,1,2,1,2,3,4,5,6,5,4,3,2,1,2,3,4,3,2,1,2,1,2,0,4,5,6,5,4,3,2,1,2,3,4,3,2,1,2,1,2,0,0,3,2,1,2,1,2,0,0,0,0,0,0,0,0,0,0,0,0,0,0,0,0,0,0,0,0,0,0,0,0,0,0,0,0,0,0,0,0,0,0,0,0,0,0,0,0,0,0,0,0,0
56,1,2,1,2,1,2,3,4,3,2,1,2,1,2,3,4,5,6,5,4,3,2,1,2,3,4,3,2,1,2,1,2,0,4,5,6,5,4,3,2,1,2,3,4,3,2,1,2,1,2,0,0,3,2,1,2,1,2,0,0,0,0,0,0,0,0,0,0,0,0,0,0,0,0,0,0,0,0,0,0,0,0,0,0,0,0,0,0,0,0,0,0,0,0,0,0,0,0,0,0,0,0
57,4,1,2,3,2,1,2,3,4,3,2,1,2,1,2,3,4,5,6,5,4,3,2,1,2,3,4,3,2,1,2,1,2,3,4,0,0,5,4,3,2,1,2,3,2,3,2,1,2,1,2,3,0,3,2,1,2,1,2,0,0,0,0,0,0,0,0,0,0,0,0,0,0,0,0,0,0,0,0,0,0,0,0,0,0,0,0,0,0,0,0,0,0,0,0,0,0,0,0,0,0,0
58,5,4,1,4,3,2,1,2,3,4,3,2,1,2,1,2,3,4,5,6,5,4,3,2,1,2,3,4,3,2,1,2,1,2,3,4,0,0,5,4,3,2,1,2,3,2,3,2,1,2,1,2,3,0,3,2,1,2,1,2,0,0,0,0,0,0,0,0,0,0,0,0,0,0,0,0,0,0,0,0,0,0,0,0,0,0,0,0,0,0,0,0,0,0,0,0,0,0,0,0,0,0
59,6,5,4,0,4,3,2,1,0,0,0,0,2,1,2,1,2,3,4,5,6,5,4,3,2,1,2,3,4,3,2,1,2,1,2,3,4,0,0,5,4,3,2,1,2,3,2,3,2,1,2,1,2,3,0,3,2,1,2,1,2,0,0,0,0,0,0,0,0,0,0,0,0,0,0,0,0,0,0,0,0,0,0,0,0,0,0,0,0,0,0,0,0,0,0,0,0,0,0,0,0,0
60,7,6,5,6,5,4,3,0,0,0,0,0,0,2,1,2,1,2,3,4,5,6,5,4,3,2,1,2,3,4,3,2,1,2,1,2,3,4,0,0,5,4,3,2,1,2,3,2,3,2,1,2,1,2,3,0,3,2,1,2,1,2,0,0,0,0,0,0,0,0,0,0,0,0,0,0,0,0,0,0,0,0,0,0,0,0,0,0,0,0,0,0,0,0,0,0,0,0,0,0,0,0
61,8,7,6,7,6,5,4,0,0,0,0,0,0,0,2,1,2,1,2,3,4,5,6,5,4,3,2,1,2,3,4,3,2,1,2,1,2,3,4,0,0,5,4,3,2,1,2,3,2,3,2,1,2,1,2,3,0,3,2,1,2,1,2,0,0,0,0,0,0,0,0,0,0,0,0,0,0,0,0,0,0,0,0,0,0,0,0,0,0,0,0,0,0,0,0,0,0,0,0,0,0,0
62,9,8,7,8,7,6,5,4,0,0,0,0,0,0,0,2,0,2,1,2,3,4,5,6,5,4,3,2,1,2,3,4,3,2,1,2,1,2,3,4,0,0,5,4,3,2,1,2,3,2,3,2,1,2,1,2,3,0,3,2,1,2,1,2,0,0,0,0,0,0,0,0,0,0,0,0,0,0,0,0,0,0,0,0,0,0,0,0,0,0,0,0,0,0,0,0,0,0,0,0,0,0
63,6,9,8,9,8,7,6,0,0,0,0,0,0,0,0,0,0,3,2,1,2,3,4,5,6,5,4,3,2,1,2,3,4,3,2,1,2,1,2,3,4,0,0,5,4,3,2,1,2,3,2,3,2,1,2,1,2,3,0,3,2,1,2,1,2,0,0,0,0,0,0,0,0,0,0,0,0,0,0,0,0,0,0,0,0,0,0,0,0,0,0,0,0,0,0,0,0,0,0,0,0,0
64,5,6,9,10,9,8,7,0,0,0,0,0,0,0,0,6,0,4,3,2,1,2,3,4,5,6,5,4,3,2,1,2,3,4,3,2,1,2,1,2,3,4,0,0,5,4,3,2,1,2,3,2,3,2,1,2,1,2,3,0,3,2,1,2,1,2,0,0,0,0,0,0,0,0,0,0,0,0,0,0,0,0,0,0,0,0,0,0,0,0,0,0,0,0,0,0,0,0,0,0,0,0
65,4,5,6,0,6,7,8,0,0,0,0,0,0,0,0,0,6,5,4,3,2,1,2,3,4,5,6,5,4,3,2,1,2,3,4,3,2,1,2,1,2,3,4,0,0,5,4,3,2,1,2,3,2,3,2,1,2,1,2,3,0,3,2,1,2,1,2,0,0,0,0,0,0,0,0,0,0,0,0,0,0,0,0,0,0,0,0,0,0,0,0,0,0,0,0,0,0,0,0,0,0,0
66,3,4,5,0,5,6,7,0,0,0,0,0,0,0,0,0,0,6,5,4,3,2,1,2,3,4,5,6,5,4,3,2,1,2,3,4,3,2,1,2,1,2,3,4,0,0,5,4,3,2,1,2,3,2,3,2,1,2,1,2,3,0,3,2,1,2,1,2,0,0,0,0,0,0,0,0,0,0,0,0,0,0,0,0,0,0,0,0,0,0,0,0,0,0,0,0,0,0,0,0,0,0
67,2,3,4,0,4,5,6,0,0,0,0,0,0,0,0,0,0,0,6,5,4,3,2,1,2,3,4,5,6,5,4,3,2,1,2,3,4,3,2,1,2,1,2,3,4,0,0,5,4,3,2,1,2,3,2,3,2,1,2,1,2,3,0,3,2,1,2,1,2,0,0,0,0,0,0,0,0,0,0,0,0,0,0,0,0,0,0,0,0,0,0,0,0,0,0,0,0,0,0,0,0,0
68,1,2,3,0,3,4,5,0,0,0,0,0,0,0,0,0,0,8,7,6,5,4,3,2,1,2,3,4,5,6,5,4,3,2,1,2,3,4,3,2,1,2,1,2,3,4,0,0,5,4,3,2,1,2,3,2,3,2,1,2,1,2,3,0,3,2,1,2,1,2,0,0,0,0,0,0,0,0,0,0,0,0,0,0,0,0,0,0,0,0,0,0,0,0,0,0,0,0,0,0,0,0
69,2,1,2,0,2,3,4,5,0,0,0,0,4,0,0,0,6,7,8,7,6,5,4,3,2,1,2,3,4,5,6,5,4,3,2,1,2,3,4,3,2,1,2,1,2,3,4,0,0,5,4,3,2,1,2,3,2,3,2,1,2,1,2,3,0,3,2,1,2,1,2,0,0,0,0,0,0,0,0,0,0,0,0,0,0,0,0,0,0,0,0,0,0,0,0,0,0,0,0,0,0,0
70,3,2,1,2,1,2,3,0,0,0,0,0,3,4,0,0,0,6,7,8,7,6,5,4,3,2,1,2,3,4,5,6,5,4,3,2,1,2,3,4,3,2,1,2,1,2,3,4,0,0,5,4,3,2,1,2,3,2,3,2,1,2,1,2,3,0,3,2,1,2,1,2,0,0,0,0,0,0,0,0,0,0,0,0,0,0,0,0,0,0,0,0,0,0,0,0,0,0,0,0,0,0
71,4,3,2,1,2,1,2,3,0,0,4,0,0,3,4,0,0,0,6,7,8,7,6,5,4,3,2,1,2,3,4,5,6,5,4,3,2,1,2,3,4,3,2,1,2,1,2,3,4,0,0,5,4,3,2,1,2,3,2,3,2,1,2,1,2,3,0,3,2,1,2,1,2,0,0,0,0,0,0,0,0,0,0,0,0,0,0,0,0,0,0,0,0,0,0,0,0,0,0,0,0,0
72,5,4,3,2,3,2,1,2,0,0,0,4,0,0,3,4,5,0,0,6,7,8,7,6,5,4,3,2,1,2,3,4,5,6,5,4,3,2,1,2,3,4,3,2,1,2,1,2,3,4,0,0,5,4,3,2,1,2,3,2,3,2,1,2,1,2,3,0,3,2,1,2,1,2,0,0,0,0,0,0,0,0,0,0,0,0,0,0,0,0,0,0,0,0,0,0,0,0,0,0,0,0
73,6,5,4,5,4,3,2,1,2,0,0,0,4,0,2,3,4,5,0,0,6,7,8,7,6,5,4,3,2,1,2,3,4,5,6,5,4,3,2,1,2,3,4,3,2,1,2,1,2,3,4,0,0,5,4,3,2,1,2,3,2,3,2,1,2,1,2,3,0,3,2,1,2,1,2,0,0,0,0,0,0,0,0,0,0,0,0,0,0,0,0,0,0,0,0,0,0,0,0,0,0,0
74,5,6,5,6,5,4,3,2,1,2,3,2,3,4,1,2,3,4,5,4,5,6,7,8,7,6,5,4,3,2,1,2,3,4,5,4,3,4,3,2,1,2,3,2,3,2,1,2,1,2,0,0,0,0,0,0,0,2,1,2,3,2,3,2,1,2,1,2,3,2,3,2,1,2,1,2,0,0,0,0,0,0,0,0,0,0,0,0,0,0,0,0,0,0,0,0,0,0,0,0,0,0
75,4,5,6,7,6,5,4,3,2,1,2,3,2,3,4,0,2,3,4,0,4,5,6,7,8,7,6,5,4,3,2,1,2,3,4,5,0,5,4,3,2,1,2,3,0,3,2,1,2,1,2,3,4,0,0,5,4,3,2,1,2,3,2,3,2,1,2,1,2,3,0,3,2,1,2,1,2,0,0,0,0,0,0,0,0,0,0,0,0,0,0,0,0,0,0,0,0,0,0,0,0,0
76,3,4,5,6,7,6,5,4,3,2,1,2,3,2,3,4,0,2,3,0,0,4,5,6,7,8,7,6,5,4,3,2,1,2,3,4,5,0,5,4,3,2,1,2,3,0,3,2,1,2,1,2,3,4,0,0,5,4,3,2,1,2,3,2,3,2,1,2,1,2,3,0,3,2,1,2,1,2,0,0,0,0,0,0,0,0,0,0,0,0,0,0,0,0,0,0,0,0,0,0,0,0
77,2,3,4,5,4,5,6,5,4,3,2,1,2,3,2,3,2,1,2,3,0,0,4,5,6,7,8,7,6,5,4,3,2,1,2,3,4,5,0,5,4,3,2,1,2,3,0,3,2,1,2,1,2,3,4,0,0,5,4,3,2,1,2,3,2,3,2,1,2,1,2,3,0,3,2,1,2,1,2,0,0,0,0,0,0,0,0,0,0,0,0,0,0,0,0,0,0,0,0,0,0,0
78,1,2,3,2,3,4,5,6,5,4,3,2,1,2,3,2,3,2,1,2,3,0,0,4,5,6,7,8,7,6,5,4,3,2,1,2,3,4,5,0,5,4,3,2,1,2,3,0,3,2,1,2,1,2,3,4,0,0,5,4,3,2,1,2,3,2,3,2,1,2,1,2,3,0,3,2,1,2,1,2,0,0,0,0,0,0,0,0,0,0,0,0,0,0,0,0,0,0,0,0,0,0
79,2,1,2,1,2,3,4,5,6,5,4,3,2,1,2,3,2,3,2,1,2,3,0,0,4,5,6,7,8,7,6,5,4,3,2,1,2,3,4,5,0,5,4,3,2,1,2,3,0,3,2,1,2,1,2,3,4,0,0,5,4,3,2,1,2,3,2,3,2,1,2,1,2,3,0,3,2,1,2,1,2,0,0,0,0,0,0,0,0,0,0,0,0,0,0,0,0,0,0,0,0,0
80,3,2,1,2,1,2,3,4,5,6,5,4,3,2,1,2,3,2,3,2,1,2,0,2,0,4,5,6,7,8,7,6,5,4,3,2,1,2,3,4,5,0,5,4,3,2,1,2,3,0,3,2,1,2,1,2,3,4,0,0,5,4,3,2,1,2,3,2,3,2,1,2,1,2,3,0,3,2,1,2,1,2,0,0,0,0,0,0,0,0,0,0,0,0,0,0,0,0,0,0,0,0
81,4,3,2,1,2,1,2,3,4,5,6,5,4,3,2,1,2,3,2,3,2,1,2,0,2,0,4,5,6,7,8,7,6,5,4,3,2,1,2,3,4,5,0,5,4,3,2,1,2,3,0,3,2,1,2,1,2,3,4,0,0,5,4,3,2,1,2,3,2,3,2,1,2,1,2,3,0,3,2,1,2,1,2,0,0,0,0,0,0,0,0,0,0,0,0,0,0,0,0,0,0,0
82,3,4,3,2,1,2,1,2,3,4,5,6,5,4,3,2,1,2,3,2,3,2,1,2,0,2,0,4,5,6,7,8,7,6,5,4,3,2,1,2,3,4,5,0,5,4,3,2,1,2,3,0,3,2,1,2,1,2,3,4,0,0,5,4,3,2,1,2,3,2,3,2,1,2,1,2,3,0,3,2,1,2,1,2,0,0,0,0,0,0,0,0,0,0,0,0,0,0,0,0,0,0
83,2,3,4,3,2,1,2,1,2,3,4,5,6,5,4,3,2,1,2,3,2,3,2,1,2,0,2,0,4,5,6,7,8,7,6,5,4,3,2,1,2,3,4,5,0,5,4,3,2,1,2,3,0,3,2,1,2,1,2,3,4,0,0,5,4,3,2,1,2,3,2,3,2,1,2,1,2,3,0,3,2,1,2,1,2,0,0,0,0,0,0,0,0,0,0,0,0,0,0,0,0,0
84,1,2,3,4,3,2,1,2,1,2,3,4,5,6,5,4,3,2,1,2,3,2,3,2,1,2,1,2,0,4,5,6,7,8,7,6,5,4,3,2,1,2,3,4,5,0,5,4,3,2,1,2,3,0,3,2,1,2,1,2,3,4,0,0,5,4,3,2,1,2,3,2,3,2,1,2,1,2,3,0,3,2,1,2,1,2,0,0,0,0,0,0,0,0,0,0,0,0,0,0,0,0
85,2,1,2,3,4,3,2,1,2,1,2,3,4,5,6,5,4,3,2,1,2,3,2,3,2,1,2,1,2,0,4,5,6,7,8,7,6,5,4,3,2,1,2,3,4,5,0,5,4,3,2,1,2,3,0,3,2,1,2,1,2,3,4,0,0,5,4,3,2,1,2,3,2,3,2,1,2,1,2,3,0,3,2,1,2,1,2,0,0,0,0,0,0,0,0,0,0,0,0,0,0,0
86,1,2,1,2,3,4,3,2,1,2,1,2,3,4,5,6,5,4,3,2,1,2,3,2,3,2,1,2,1,2,0,4,5,6,7,8,7,6,5,4,3,2,1,2,3,4,5,0,5,4,3,2,1,2,3,0,3,2,1,2,1,2,3,4,0,0,5,4,3,2,1,2,3,2,3,2,1,2,1,2,3,0,3,2,1,2,1,2,0,0,0,0,0,0,0,0,0,0,0,0,0,0
87,2,1,2,1,2,3,4,3,2,1,2,1,2,3,4,5,6,5,4,3,2,1,2,3,2,3,2,1,2,1,2,0,4,5,6,7,8,7,6,5,4,3,2,1,2,3,4,5,0,5,4,3,2,1,2,3,0,3,2,1,2,1,2,3,4,0,0,5,4,3,2,1,2,3,2,3,2,1,2,1,2,3,0,3,2,1,2,1,2,0,0,0,0,0,0,0,0,0,0,0,0,0
88,3,2,1,2,1,2,3,4,3,2,1,2,1,2,3,4,5,6,5,4,3,2,1,2,3,2,3,2,1,2,1,2,0,4,5,6,7,8,7,6,5,4,3,2,1,2,3,4,5,0,5,4,3,2,1,2,3,0,3,2,1,2,1,2,3,4,0,0,5,4,3,2,1,2,3,2,3,2,1,2,1,2,3,0,3,2,1,2,1,2,0,0,0,0,0,0,0,0,0,0,0,0
89,4,3,2,1,2,1,2,3,4,3,2,1,2,1,2,3,4,5,6,5,4,3,2,1,2,3,2,3,2,1,2,1,2,0,4,5,6,7,8,7,6,5,4,3,2,1,2,3,4,5,0,5,4,3,2,1,2,3,0,3,2,1,2,1,2,3,4,0,0,5,4,3,2,1,2,3,2,3,2,1,2,1,2,3,0,3,2,1,2,1,2,0,0,0,0,0,0,0,0,0,0,0
90,5,4,3,4,3,2,1,2,3,4,3,2,1,2,1,2,3,4,5,6,5,4,3,2,1,2,3,2,3,2,1,2,1,2,0,4,5,6,7,8,7,6,5,4,3,2,1,2,3,4,5,0,5,4,3,2,1,2,3,0,3,2,1,2,1,2,3,4,0,0,5,4,3,2,1,2,3,2,3,2,1,2,1,2,3,0,3,2,1,2,1,2,0,0,0,0,0,0,0,0,0,0
91,6,5,4,3,4,3,2,1,2,3,4,3,2,1,2,1,2,3,4,5,6,5,4,3,2,1,2,3,2,3,2,1,2,1,2,0,4,5,6,7,8,7,6,5,4,3,2,1,2,3,4,5,0,5,4,3,2,1,2,3,0,3,2,1,2,1,2,3,4,0,0,5,4,3,2,1,2,3,2,3,2,1,2,1,2,3,0,3,2,1,2,1,2,0,0,0,0,0,0,0,0,0
92,7,6,5,4,5,4,3,2,1,2,3,4,3,2,1,2,1,2,3,4,5,6,5,4,3,2,1,2,3,2,3,2,1,2,1,2,0,4,5,6,7,8,7,6,5,4,3,2,1,2,3,4,5,0,5,4,3,2,1,2,3,0,3,2,1,2,1,2,3,4,0,0,5,4,3,2,1,2,3,2,3,2,1,2,1,2,3,0,3,2,1,2,1,2,0,0,0,0,0,0,0,0
93,8,7,6,7,6,5,4,3,2,0,0,0,0,3,2,1,2,1,2,3,4,5,6,5,4,3,2,1,2,3,2,3,2,1,2,1,2,0,4,5,6,7,8,7,6,5,4,3,2,1,2,3,4,5,0,5,4,3,2,1,2,3,0,3,2,1,2,1,2,3,4,0,0,5,4,3,2,1,2,3,2,3,2,1,2,1,2,3,0,3,2,1,2,1,2,0,0,0,0,0,0,0
94,9,8,7,8,7,6,5,4,0,0,0,0,0,0,3,2,1,2,1,2,3,4,5,6,5,4,3,2,1,2,3,2,3,2,1,2,1,2,0,4,5,6,7,8,7,6,5,4,3,2,1,2,3,4,5,0,5,4,3,2,1,2,3,0,3,2,1,2,1,2,3,4,0,0,5,4,3,2,1,2,3,2,3,2,1,2,1,2,3,0,3,2,1,2,1,2,0,0,0,0,0,0
95,6,9,8,9,8,7,6,5,4,0,0,0,0,0,0,3,2,1,2,1,2,3,4,5,6,5,4,3,2,1,2,3,2,3,2,1,2,1,2,0,4,5,6,7,8,7,6,5,4,3,2,1,2,3,4,5,0,5,4,3,2,1,2,3,0,3,2,1,2,1,2,3,4,0,0,5,4,3,2,1,2,3,2,3,2,1,2,1,2,3,0,3,2,1,2,1,2,0,0,0,0,0
96,5,6,9,8,7,8,7,6,5,0,0,0,0,0,0,0,0,2,1,2,1,2,3,4,5,6,5,4,3,2,1,2,3,2,3,2,1,2,1,2,0,4,5,6,7,8,7,6,5,4,3,2,1,2,3,4,5,0,5,4,3,2,1,2,3,0,3,2,1,2,1,2,3,4,0,0,5,4,3,2,1,2,3,2,3,2,1,2,1,2,3,0,3,2,1,2,1,2,0,0,0,0
97,4,5,6,7,6,7,8,7,6,5,0,0,0,0,0,0,0,0,2,1,2,1,2,3,4,5,6,5,4,3,2,1,2,3,2,3,2,1,2,1,2,0,4,5,6,7,8,7,6,5,4,3,2,1,2,3,4,5,0,5,4,3,2,1,2,3,0,3,2,1,2,1,2,3,4,0,0,5,4,3,2,1,2,3,2,3,2,1,2,1,2,3,0,3,2,1,2,1,2,0,0,0
98,0,4,5,6,5,6,7,8,7,6,5,0,0,0,0,0,0,0,0,2,1,2,1,2,3,4,5,6,5,4,3,2,1,2,3,2,3,2,1,2,1,2,0,4,5,6,7,8,7,6,5,4,3,2,1,2,3,4,5,0,5,4,3,2,1,2,3,0,3,2,1,2,1,2,3,4,0,0,5,4,3,2,1,2,3,2,3,2,1,2,1,2,3,0,3,2,1,2,1,2,0,0
99,0,0,4,5,4,5,6,7,8,7,6,5,0,0,0,0,0,0,0,0,2,1,2,1,2,3,4,5,6,5,4,3,2,1,2,3,2,3,2,1,2,1,2,0,4,5,6,7,8,7,6,5,4,3,2,1,2,3,4,5,0,5,4,3,2,1,2,3,0,3,2,1,2,1,2,3,4,0,0,5,4,3,2,1,2,3,2,3,2,1,2,1,2,3,0,3,2,1,2,1,2,0
100,0,0,3,4,3,4,5,6,7,8,7,6,5,0,0,0,0,0,0,0,0,2,1,2,1,2,3,4,5,6,5,4,3,2,1,2,3,2,3,2,1,2,1,2,0,4,5,6,7,8,7,6,5,4,3,2,1,2,3,4,5,0,5,4,3,2,1,2,3,0,3,2,1,2,1,2,3,4,0,0,5,4,3,2,1,2,3,2,3,2,1,2,1,2,3,0,3,2,1,2,1,2
